{"cameraMode":{"drawMode":0,"name":"Shaded","section":"Shading Mode"},"sceneLighting":true,"audioPlay":false,"sceneViewState":{"m_AlwaysRefresh":false,"showFog":true,"showSkybox":true,"showFlares":true,"showImageEffects":true,"showParticleSystems":true,"showVisualEffectGraphs":true,"m_FxEnabled":true},"in2DMode":false,"pivot":{"x":-0.17834942042827607,"y":-0.6146010756492615,"z":0.9863830208778381},"rotation":{"x":0.15884283185005189,"y":0.81460040807724,"z":-0.26301413774490359,"w":0.49195748567581179},"size":1.9513968229293824,"orthographic":false}